Date de début;Date de fin;Organisme;code zas;Zas;code site;nom site;type d'implantation;Polluant;type d'influence;Réglementaire;type d'évaluation;type de valeur;valeur;valeur brute;unité de mesure;taux de saisie;couverture temporelle;couverture de données;code qualité;validité;Latitude;Longitude
2023/01/01 00:00:00;2023/12/31 23:59:59;ATMO GRAND EST;FR44ZAG02;ZAG METZ;FR01011;Metz-Centre;Urbaine;PM2.5;Fond;Oui;mesures fixes;Moy. annuelle;8.0;7.967813931633953;µg-m3;97.0;100.0;97.0;R;1;49.119442;6.180833
2023/01/01 00:00:00;2023/12/31 23:59:59;ATMO GRAND EST;FR44ZAG02;ZAG METZ;FR01020;Thionville-Centre;Urbaine;PM2.5;Fond;Oui;mesures fixes;Moy. annuelle;9.0;8.616707152496652;µg-m3;85.0;100.0;85.0;R;1;49.358337;6.156942
2023/01/01 00:00:00;2023/12/31 23:59:59;ATMO GRAND EST;FR44ZRE01;ZR GRAND-EST;FR01065;Belleville sur Meuse;Urbaine;PM2.5;Trafic;Oui;mesures fixes;Moy. annuelle;8.0;7.942159867955696;µg-m3;97.0;100.0;97.0;R;1;49.16778;5.387461
2023/01/01 00:00:00;2023/12/31 23:59:59;ATMO SUD;FR93ZAG01;ZAG MARSEILLE-AIX;FR02008;Port de Bouc Leque;Urbaine;PM2.5;Industrielle;Oui;mesures fixes;Moy. annuelle;9.0;8.742734338200645;µg-m3;97.0;100.0;97.0;R;1;43.401952;4.981919
2023/01/01 00:00:00;2023/12/31 23:59:59;ATMO SUD;FR93ZAG01;ZAG MARSEILLE-AIX;FR02013;Fos Les Carabins;Périurbaine;PM2.5;Industrielle;Oui;mesures fixes;Moy. annuelle;10.0;10.151046320244525;µg-m3;97.0;100.0;97.0;R;1;43.458927;4.934572
2023/01/01 00:00:00;2023/12/31 23:59:59;ATMO SUD;FR93ZAG01;ZAG MARSEILLE-AIX;FR02020;Rognac les Brets;Périurbaine;PM2.5;Industrielle;Oui;mesures fixes;Moy. annuelle;11.0;10.582702137546518;µg-m3;98.0;100.0;98.0;R;1;43.510802;5.220046
2023/01/01 00:00:00;2023/12/31 23:59:59;ATMO SUD;FR93ZRE02;ZR PROVENCE-ALPES-COTE-D-AZUR;FR02022;Arles;Urbaine;PM2.5;Fond;Oui;mesures fixes;Moy. annuelle;10.0;10.411563194200866;µg-m3;98.0;99.0;98.0;R;1;43.675114;4.62921
2023/01/01 00:00:00;2023/12/31 23:59:59;ATMO SUD;FR93ZAG01;ZAG MARSEILLE-AIX;FR02041;SALON;Urbaine;PM2.5;Fond;Oui;mesures fixes;Moy. annuelle;9.0;9.015854078237895;µg-m3;100.0;100.0;100.0;R;1;43.639002;5.101097
2023/01/01 00:00:00;2023/12/31 23:59:59;ATMO SUD;FR93ZAG01;ZAG MARSEILLE-AIX;FR02043;Marignane;Urbaine;PM2.5;Fond;Oui;mesures fixes;Moy. annuelle;11.0;10.755625510085082;µg-m3;98.0;100.0;98.0;R;1;43.4165306;5.222281
2023/01/01 00:00:00;2023/12/31 23:59:59;ATMO SUD;FR93ZAG01;ZAG MARSEILLE-AIX;FR03006;MARSEILLE RABATAU;Urbaine;PM2.5;Trafic;Oui;mesures fixes;Moy. annuelle;12.0;12.400635144671796;µg-m3;97.0;100.0;97.0;R;1;43.276451;5.39736
2023/01/01 00:00:00;2023/12/31 23:59:59;ATMO SUD;FR93ZAG01;ZAG MARSEILLE-AIX;FR03014;MARSEILLE ST LOUIS;Urbaine;PM2.5;Fond;Oui;mesures fixes;Moy. annuelle;10.0;10.379934706177837;µg-m3;98.0;93.0;91.0;R;1;43.348048;5.360119
2023/01/01 00:00:00;2023/12/31 23:59:59;ATMO SUD;FR93ZRE02;ZR PROVENCE-ALPES-COTE-D-AZUR;FR03027;PLAN AUPS/STE  BAUME;Rurale près des villes;PM2.5;Fond;Oui;mesures fixes;Moy. annuelle;8.0;8.37797129719937;µg-m3;82.0;99.0;82.0;N;-1;43.335201;5.727365
2023/01/01 00:00:00;2023/12/31 23:59:59;ATMO SUD;FR93ZAG01;ZAG MARSEILLE-AIX;FR03029;AIX CENTRE ECOLE ART;Urbaine;PM2.5;Fond;Oui;mesures fixes;Moy. annuelle;9.0;8.804278504244083;µg-m3;100.0;100.0;100.0;R;1;43.530285;5.440912
2023/01/01 00:00:00;2023/12/31 23:59:59;ATMO SUD;FR93ZAG01;ZAG MARSEILLE-AIX;FR03030;GARDANNE;Périurbaine;PM2.5;Industrielle;Oui;mesures fixes;Moy. annuelle;12.0;11.767645352210803;µg-m3;98.0;100.0;98.0;R;1;43.453584;5.466672
2023/01/01 00:00:00;2023/12/31 23:59:59;ATMO SUD;FR93ZAG01;ZAG MARSEILLE-AIX;FR03043;MARSEILLE 5 AVENUES;Urbaine;PM2.5;Fond;Oui;mesures fixes;Moy. annuelle;10.0;10.009261002588827;µg-m3;97.0;100.0;97.0;R;1;43.305287;5.394716
2023/01/01 00:00:00;2023/12/31 23:59:59;ATMO SUD;FR93ZAG03;ZAG TOULON;FR03064;LA VALETTE/LA GARDE;Périurbaine;PM2.5;Fond;Oui;mesures fixes;Moy. annuelle;9.0;8.651615969581762;µg-m3;96.0;100.0;96.0;R;1;43.135902;6.011513
2023/01/01 00:00:00;2023/12/31 23:59:59;ATMO SUD;FR93ZRE02;ZR PROVENCE-ALPES-COTE-D-AZUR;FR03070;ESTEREL;Périurbaine;PM2.5;Fond;Oui;mesures fixes;Moy. annuelle;7.0;7.206417556346343;µg-m3;97.0;99.0;96.0;R;1;43.437874;6.76839
2023/01/01 00:00:00;2023/12/31 23:59:59;ATMO SUD;FR93ZAG03;ZAG TOULON;FR03071;TOULON CLARET;Urbaine;PM2.5;Fond;Oui;mesures fixes;Moy. annuelle;8.0;7.848679332715459;µg-m3;99.0;100.0;99.0;R;1;43.131113;5.924184
2023/01/01 00:00:00;2023/12/31 23:59:59;ATMO SUD;FR93ZAG04;ZAG AVIGNON;FR03080;AVIGNON   MAIRIE;Urbaine;PM2.5;Fond;Oui;mesures fixes;Moy. annuelle;11.0;10.679368904188202;µg-m3;99.0;100.0;99.0;R;1;43.949673;4.804341
2023/01/01 00:00:00;2023/12/31 23:59:59;ATMO SUD;FR93ZAG04;ZAG AVIGNON;FR03084;LE PONTET;Périurbaine;PM2.5;Fond;Oui;mesures fixes;Moy. annuelle;17.0;17.217757009345792;µg-m3;74.0;2.0;1.0;N;-1;43.960144;4.856731
2023/01/01 00:00:00;2023/12/31 23:59:59;ATMO SUD;FR93ZAG04;ZAG AVIGNON;FR03091;Avignon Rocade De Gaulle;Urbaine;PM2.5;Trafic;Oui;mesures fixes;Moy. annuelle;14.0;14.298224299065422;µg-m3;98.0;100.0;98.0;R;1;43.9314;4.826875
2023/01/01 00:00:00;2023/12/31 23:59:59;AIRPARIF;FR11ZAG01;ZAG PARIS;FR04002;GENNEVILLIERS;Urbaine;PM2.5;Fond;Oui;mesures fixes;Moy. annuelle;10.0;9.87881376037956;µg-m3;98.0;98.0;96.0;R;1;48.930319;2.29435
2023/01/01 00:00:00;2023/12/31 23:59:59;AIRPARIF;FR11ZAG01;ZAG PARIS;FR04004;PARIS 18eme;Urbaine;PM2.5;Fond;Oui;mesures fixes;Moy. annuelle;10.0;10.45548805184282;µg-m3;85.0;100.0;85.0;R;1;48.891666;2.346667
2023/01/01 00:00:00;2023/12/31 23:59:59;AIRPARIF;FR11ZAG01;ZAG PARIS;FR04024;GONESSE;Périurbaine;PM2.5;Fond;Oui;mesures fixes;Moy. annuelle;10.0;9.821667252901886;µg-m3;97.0;100.0;97.0;R;1;48.99083;2.444722
2023/01/01 00:00:00;2023/12/31 23:59:59;AIRPARIF;FR11ZAG01;ZAG PARIS;FR04031;Av Champs Elysees;Urbaine;PM2.5;Trafic;Oui;mesures fixes;Moy. annuelle;10.0;10.34575593698567;µg-m3;97.0;100.0;97.0;R;1;48.868772;2.311231
2023/01/01 00:00:00;2023/12/31 23:59:59;AIRPARIF;FR11ZAG01;ZAG PARIS;FR04034;VITRY-SUR-SEINE;Urbaine;PM2.5;Fond;Oui;mesures fixes;Moy. annuelle;9.0;9.277706495589431;µg-m3;100.0;100.0;100.0;R;1;48.775897;2.375788
2023/01/01 00:00:00;2023/12/31 23:59:59;AIRPARIF;FR11ZRE01;ZR ILE-DE-FRANCE;FR04048;Zone Rurale Nord;Rurale régionale;PM2.5;Fond;Oui;mesures fixes;Moy. annuelle;7.0;7.4255738492969705;µg-m3;95.0;100.0;95.0;R;1;49.100277;2.343889
2023/01/01 00:00:00;2023/12/31 23:59:59;AIRPARIF;FR11ZAG01;ZAG PARIS;FR04055;PARIS 1er Les Halles;Urbaine;PM2.5;Fond;Oui;mesures fixes;Moy. annuelle;10.0;10.379983895088003;µg-m3;99.0;100.0;99.0;R;1;48.86212;2.344616
2023/01/01 00:00:00;2023/12/31 23:59:59;AIRPARIF;FR11ZAG01;ZAG PARIS;FR04058;Auto A1 -Saint-Denis;Urbaine;PM2.5;Trafic;Oui;mesures fixes;Moy. annuelle;13.0;12.714861045690101;µg-m3;97.0;100.0;97.0;R;1;48.925278;2.356667
2023/01/01 00:00:00;2023/12/31 23:59:59;AIRPARIF;FR11ZRE01;ZR ILE-DE-FRANCE;FR04066;Zone rurale Sud;Rurale régionale;PM2.5;Fond;Oui;mesures fixes;Moy. annuelle;8.0;8.01748754200954;µg-m3;99.0;100.0;99.0;R;1;48.364166;2.236944
2023/01/01 00:00:00;2023/12/31 23:59:59;AIRPARIF;FR11ZAG01;ZAG PARIS;FR04122;RN6-MELUN;Périurbaine;PM2.5;Trafic;Oui;mesures fixes;Moy. annuelle;11.0;10.591257722345258;µg-m3;98.0;100.0;98.0;R;1;48.528057;2.653611
2023/01/01 00:00:00;2023/12/31 23:59:59;AIRPARIF;FR11ZAG01;ZAG PARIS;FR04131;Boulevard Haussmann;Urbaine;PM2.5;Trafic;Oui;mesures fixes;Moy. annuelle;9.0;9.489790422667136;µg-m3;98.0;100.0;98.0;R;1;48.873333;2.330278
2023/01/01 00:00:00;2023/12/31 23:59:59;AIRPARIF;FR11ZAG01;ZAG PARIS;FR04150;LA DEFENSE;Urbaine;PM2.5;Fond;Oui;mesures fixes;Moy. annuelle;9.0;9.289664942103988;µg-m3;93.0;100.0;93.0;R;1;48.891388;2.240556
2023/01/01 00:00:00;2023/12/31 23:59:59;AIRPARIF;FR11ZAG01;ZAG PARIS;FR04156;BOBIGNY;Urbaine;PM2.5;Fond;Oui;mesures fixes;Moy. annuelle;9.0;9.002460928388125;µg-m3;98.0;100.0;98.0;R;1;48.902504;2.4525
2023/01/01 00:00:00;2023/12/31 23:59:59;AIRPARIF;FR11ZRE01;ZR ILE-DE-FRANCE;FR04173;RD934 Coulommiers;Périurbaine;PM2.5;Trafic;Oui;mesures fixes;Moy. annuelle;9.0;8.785704299196086;µg-m3;98.0;100.0;98.0;R;1;48.8059;3.084158
2023/01/01 00:00:00;2023/12/31 23:59:59;AIRPARIF;FR11ZAG01;ZAG PARIS;FR04180;RN20 - MONTLHERY;Périurbaine;PM2.5;Trafic;Oui;mesures fixes;Moy. annuelle;13.0;12.913873829472667;µg-m3;93.0;99.0;93.0;R;1;48.64093;2.26872
2023/01/01 00:00:00;2023/12/31 23:59:59;AIRPARIF;FR11ZRE01;ZR ILE-DE-FRANCE;FR04181;RAMBOUILLET;Périurbaine;PM2.5;Fond;Oui;mesures fixes;Moy. annuelle;8.0;8.25995867294228;µg-m3;99.0;100.0;99.0;R;1;48.63373;1.830529
2023/01/01 00:00:00;2023/12/31 23:59:59;AIRPARIF;FR11ZRE01;ZR ILE-DE-FRANCE;FR04328;Zone Rurale SE;Rurale régionale;PM2.5;Fond;Oui;mesures fixes;Moy. annuelle;7.0;6.604489652753375;µg-m3;98.0;100.0;98.0;R;1;48.3547;2.6453
2023/01/01 00:00:00;2023/12/31 23:59:59;AIRPARIF;FR11ZAG01;ZAG PARIS;FR04329;Bld peripherique Est;Urbaine;PM2.5;Trafic;Oui;mesures fixes;Moy. annuelle;13.0;13.248946629213489;µg-m3;98.0;100.0;98.0;R;1;48.838615;2.412781
2023/01/01 00:00:00;2023/12/31 23:59:59;ATMO NORMANDIE;FR28ZRE02;ZR NORMANDIE;FR05087;Maison Parc Brotonne;Rurale régionale;PM2.5;Fond;Oui;mesures fixes;Moy. annuelle;8.0;8.269813561334756;µg-m3;96.0;100.0;96.0;R;1;49.498417;0.758697
2023/01/01 00:00:00;2023/12/31 23:59:59;ATMO NORMANDIE;FR28ZAR01;ZAR LE-HAVRE;FR05089;Le Havre Lafaurie-montant;Urbaine;PM2.5;Trafic;Oui;mesures fixes;Moy. annuelle;8.0;7.745187259362921;µg-m3;98.0;100.0;98.0;R;1;49.500187;0.110903
2023/01/01 00:00:00;2023/12/31 23:59:59;ATMO NORMANDIE;FR28ZAR01;ZAR LE-HAVRE;FR05090;Le Havre ville-haute;Urbaine;PM2.5;Fond;Oui;mesures fixes;Moy. annuelle;9.0;9.417856320515789;µg-m3;99.0;100.0;99.0;R;1;49.514686;0.100645
2023/01/01 00:00:00;2023/12/31 23:59:59;ATMO HAUTS DE FRANCE;FR32ZAG01;ZAG BLDV;FR06003;Douai Theuriet;Urbaine;PM2.5;Fond;Oui;mesures fixes;Moy. annuelle;10.0;10.203783267692986;µg-m3;96.0;100.0;96.0;R;1;50.37822;3.06586
2023/01/01 00:00:00;2023/12/31 23:59:59;ATMO HAUTS DE FRANCE;FR32ZAG01;ZAG BLDV;FR06006;Valenciennes Wallon;Urbaine;PM2.5;Trafic;Oui;mesures fixes;Moy. annuelle;11.0;11.390509073390087;µg-m3;72.0;99.0;71.0;N;-1;50.36425;3.52273
2023/01/01 00:00:00;2023/12/31 23:59:59;ATMO HAUTS DE FRANCE;FR32ZAG01;ZAG BLDV;FR06011;Denain Villars;Périurbaine;PM2.5;Fond;Oui;mesures fixes;Moy. annuelle;9.0;8.60906153846157;µg-m3;74.0;100.0;74.0;N;-1;50.32276;3.39593
2023/01/01 00:00:00;2023/12/31 23:59:59;ATMO HAUTS DE FRANCE;FR32ZRE01;ZR HAUTS-DE-FRANCE;FR06133;Cartignies;Rurale près des villes;PM2.5;Fond;Oui;mesures fixes;Moy. annuelle;8.0;8.02749790594709;µg-m3;96.0;100.0;95.0;R;1;50.09225;3.85003
2023/01/01 00:00:00;2023/12/31 23:59:59;ATMO AUVERGNE-RHÔNE-ALPES;FR84ZAG04;ZAG CLERMONT-FERRAND;FR07004;Montferrand;Urbaine;PM2.5;Fond;Oui;mesures fixes;Moy. annuelle;8.0;7.889779104477618;µg-m3;96.0;100.0;96.0;R;1;45.79728;3.113833
2023/01/01 00:00:00;2023/12/31 23:59:59;ATMO AUVERGNE-RHÔNE-ALPES;FR84ZRE02;ZR AUVERGNE-RHONE-ALPES;FR07022;Paray le Fresil;Rurale régionale;PM2.5;Fond;Oui;mesures indicatives;Moy. annuelle;7.0;6.662020104154049;µg-m3;;;;R;1;46.652668;3.600667
2023/01/01 00:00:00;2023/12/31 23:59:59;ATMO AUVERGNE-RHÔNE-ALPES;FR84ZRE02;ZR AUVERGNE-RHONE-ALPES;FR07031;Rageade;Rurale régionale;PM2.5;Fond;Oui;mesures indicatives;Moy. annuelle;5.0;4.789978916036212;µg-m3;;;;R;1;45.10472;3.277361
2023/01/01 00:00:00;2023/12/31 23:59:59;ATMO AUVERGNE-RHÔNE-ALPES;FR84ZAG04;ZAG CLERMONT-FERRAND;FR07034;Clermont-Esplanade Gare;Urbaine;PM2.5;Trafic;Oui;mesures fixes;Moy. annuelle;8.0;7.987663726276414;µg-m3;89.0;96.0;85.0;R;1;45.775696;3.09625
2023/01/01 00:00:00;2023/12/31 23:59:59;ATMO AUVERGNE-RHÔNE-ALPES;FR84ZAG04;ZAG CLERMONT-FERRAND;FR07051;Beaulieu;Périurbaine;PM2.5;Industrielle;Oui;mesures indicatives;Moy. annuelle;6.0;5.649413886384126;µg-m3;;;;N;-1;45.769;3.155
2023/01/01 00:00:00;2023/12/31 23:59:59;ATMO AUVERGNE-RHÔNE-ALPES;FR84ZRE02;ZR AUVERGNE-RHONE-ALPES;FR07052;Aurillac-Lagarde;Urbaine;PM2.5;Fond;Oui;mesures indicatives;Moy. annuelle;6.0;5.787122514117358;µg-m3;;;;R;1;44.92008;2.441082
2023/01/01 00:00:00;2023/12/31 23:59:59;ATMO AUVERGNE-RHÔNE-ALPES;FR84ZRE02;ZR AUVERGNE-RHONE-ALPES;FR07057;Moulins Centre;Urbaine;PM2.5;Fond;Oui;mesures fixes;Moy. annuelle;9.0;8.983817908027344;µg-m3;99.0;99.0;99.0;R;1;46.5619722;3.34063888888888
2023/01/01 00:00:00;2023/12/31 23:59:59;ATMO AUVERGNE-RHÔNE-ALPES;FR84ZRE02;ZR AUVERGNE-RHONE-ALPES;FR07058;Montluçon;Urbaine;PM2.5;Fond;Oui;mesures fixes;Moy. annuelle;8.0;7.575716907547597;µg-m3;100.0;100.0;100.0;R;1;46.340723;2.593945
2023/01/01 00:00:00;2023/12/31 23:59:59;ATMO AUVERGNE-RHÔNE-ALPES;FR84ZRE02;ZR AUVERGNE-RHONE-ALPES;FR07059;Vichy;Urbaine;PM2.5;Fond;Oui;mesures indicatives;Moy. annuelle;7.0;6.836239620403323;µg-m3;;;;N;-1;46.130431;3.425694
2023/01/01 00:00:00;2023/12/31 23:59:59;ATMO OCCITANIE;FR76ZAG02;ZAG MONTPELLIER;FR08016;Montpellier Prés d'Arènes;Urbaine;PM2.5;Fond;Oui;mesures fixes;Moy. annuelle;9.0;8.68793023255815;µg-m3;98.0;100.0;98.0;R;1;43.5915;3.88681
2023/01/01 00:00:00;2023/12/31 23:59:59;ATMO OCCITANIE;FR76ZRE01;ZR OCCITANIE;FR08020;Lunel Viel;Périurbaine;PM2.5;Industrielle;Oui;mesures indicatives;Moy. annuelle;8.0;8.42427652733118;µg-m3;;;;R;1;43.6758;4.08838
2023/01/01 00:00:00;2023/12/31 23:59:59;ATMO OCCITANIE;FR76ZAG02;ZAG MONTPELLIER;FR08030;Pompignane;Urbaine;PM2.5;Trafic;Oui;mesures fixes;Moy. annuelle;9.0;8.75436983591295;µg/m3;98.0;100.0;98.0;R;1;43.6096;3.89878
2023/01/01 00:00:00;2023/12/31 23:59:59;ATMO OCCITANIE;FR76ZAR02;ZAR NIMES;FR08614;Nimes Gauzy;Urbaine;PM2.5;Fond;Oui;mesures fixes;Moy. annuelle;9.0;8.67425605536332;µg/m3;99.0;100.0;99.0;R;1;43.8344;4.3744
2023/01/01 00:00:00;2023/12/31 23:59:59;ATMO OCCITANIE;FR76ZAR01;ZAR PERPIGNAN;FR08714;Perpignan Les Carmes;Urbaine;PM2.5;Fond;Oui;mesures fixes;Moy. annuelle;8.0;7.69192675342622;µg-m3;99.0;100.0;99.0;R;1;42.6955;2.90053
2023/01/01 00:00:00;2023/12/31 23:59:59;ATMO NOUVELLE-AQUITAINE;FR75ZRE02;ZR NOUVELLE-AQUITAINE;FR09003;place de VERDUN;Urbaine;PM2.5;Fond;Oui;mesures fixes;Moy. annuelle;7.0;7.497734703409596;µg-m3;98.0;100.0;98.0;R;1;46.162647;-1.153684
2023/01/01 00:00:00;2023/12/31 23:59:59;ATMO NOUVELLE-AQUITAINE;FR75ZRE02;ZR NOUVELLE-AQUITAINE;FR09103;Square Pablo Casals;Urbaine;PM2.5;Fond;Oui;mesures fixes;Moy. annuelle;9.0;8.56524755968483;µg-m3;97.0;100.0;97.0;R;1;45.647428;0.167162
2023/01/01 00:00:00;2023/12/31 23:59:59;ATMO NOUVELLE-AQUITAINE;FR75ZRE02;ZR NOUVELLE-AQUITAINE;FR09203;La Pallice3 LR;Urbaine;PM2.5;Industrielle;Oui;mesures fixes;Moy. annuelle;7.0;7.4451329787233895;µg-m3;95.0;91.0;86.0;R;1;46.161632;-1.211229
2023/01/01 00:00:00;2023/12/31 23:59:59;ATMO NOUVELLE-AQUITAINE;FR75ZRE02;ZR NOUVELLE-AQUITAINE;FR09208;LA ROCHELLE-La Pallice-Saint-Francois;Urbaine;PM2.5;Industrielle;Oui;mesures fixes;Moy. annuelle;6.0;6.412407254740313;µg-m3;86.0;32.0;28.0;N;-1;46.162204;-1.214342
2023/01/01 00:00:00;2023/12/31 23:59:59;ATMO NOUVELLE-AQUITAINE;FR75ZRE02;ZR NOUVELLE-AQUITAINE;FR09302;Zoodyssée Chizé;Rurale régionale;PM2.5;Fond;Oui;mesures fixes;Moy. annuelle;7.0;7.366994788650873;µg-m3;99.0;100.0;99.0;R;1;46.143234;-0.395913
2023/01/01 00:00:00;2023/12/31 23:59:59;ATMO NOUVELLE-AQUITAINE;FR75ZRE02;ZR NOUVELLE-AQUITAINE;FR09303;Niort Venise;Urbaine;PM2.5;Fond;Oui;mesures fixes;Moy. annuelle;9.0;8.64572090330053;µg-m3;99.0;100.0;99.0;R;1;46.320028;-0.482861
2023/01/01 00:00:00;2023/12/31 23:59:59;ATMO NOUVELLE-AQUITAINE;FR75ZRE02;ZR NOUVELLE-AQUITAINE;FR09404;Poitiers Centre  Augouard;Urbaine;PM2.5;Fond;Oui;mesures fixes;Moy. annuelle;8.0;8.247910189982708;µg-m3;99.0;100.0;99.0;R;1;46.583998;0.345582
2023/01/01 00:00:00;2023/12/31 23:59:59;ATMO HAUTS DE FRANCE;FR32ZAR01;ZAR COTE-D-OPALE;FR10004;Malo-les-Bains;Urbaine;PM2.5;Fond;Oui;mesures fixes;Moy. annuelle;11.0;10.954789139225829;µg-m3;99.0;99.0;99.0;R;1;51.04858;2.42004
2023/01/01 00:00:00;2023/12/31 23:59:59;ATMO HAUTS DE FRANCE;FR32ZAR01;ZAR COTE-D-OPALE;FR10016;Calais Berthelot;Urbaine;PM2.5;Fond;Oui;mesures fixes;Moy. annuelle;9.0;9.196859759724052;µg-m3;97.0;99.0;96.0;R;1;50.94729;1.84308
2023/01/01 00:00:00;2023/12/31 23:59:59;ATMO HAUTS DE FRANCE;FR32ZAR01;ZAR COTE-D-OPALE;FR10017;St Pol mer - cheminots;Urbaine;PM2.5;Fond;Oui;mesures fixes;Moy. annuelle;8.0;7.829571881606785;µg-m3;92.0;47.0;43.0;N;-1;51.032761;2.332358
2023/01/01 00:00:00;2023/12/31 23:59:59;ATMO HAUTS DE FRANCE;FR32ZAR01;ZAR COTE-D-OPALE;FR10030;Boulogne Diderot;Urbaine;PM2.5;Trafic;Oui;mesures fixes;Moy. annuelle;9.0;9.037294504462182;µg-m3;49.0;100.0;49.0;N;-1;50.717029;1.605913
2023/01/01 00:00:00;2023/12/31 23:59:59;ATMO HAUTS DE FRANCE;FR32ZRE01;ZR HAUTS-DE-FRANCE;FR10132;Campagne les B.;Rurale régionale;PM2.5;Fond;Oui;mesures fixes;Moy. annuelle;9.0;9.030187293426343;µg-m3;94.0;100.0;93.0;R;1;50.61048;1.99145
2023/01/01 00:00:00;2023/12/31 23:59:59;ATMO HAUTS DE FRANCE;FR32ZAG02;ZAG LILLE;FR11007;Lille Leeds;Urbaine;PM2.5;Trafic;Oui;mesures fixes;Moy. annuelle;10.0;9.865265413781755;µg-m3;70.0;99.0;69.0;N;-1;50.6407944;3.074772
2023/01/01 00:00:00;2023/12/31 23:59:59;ATMO HAUTS DE FRANCE;FR32ZAG02;ZAG LILLE;FR11034;Roubaix Serres;Urbaine;PM2.5;Trafic;Oui;mesures fixes;Moy. annuelle;12.0;11.808658880386666;µg-m3;85.0;100.0;85.0;R;1;50.706535;3.18066
2023/01/01 00:00:00;2023/12/31 23:59:59;ATMO HAUTS DE FRANCE;FR32ZAG02;ZAG LILLE;FR11038;Tourcoing Houpline;Urbaine;PM2.5;Fond;Oui;mesures fixes;Moy. annuelle;11.0;10.76165721071379;µg-m3;94.0;92.0;87.0;R;1;50.733333;3.173611
2023/01/01 00:00:00;2023/12/31 23:59:59;ATMO OCCITANIE;FR76ZAG01;ZAG TOULOUSE;FR12004;ECOLE M.JACQUIER;Urbaine;PM2.5;Fond;Oui;mesures fixes;Moy. annuelle;8.0;8.213954012623972;µg-m3;99.0;51.0;51.0;N;-1;43.575694;1.418064
2023/01/01 00:00:00;2023/12/31 23:59:59;ATMO OCCITANIE;FR76ZRE01;ZR OCCITANIE;FR12020;PEYRUSSE;Rurale nationale;PM2.5;Fond;Oui;mesures fixes;Moy. annuelle;6.0;6.001204396632384;µg/m3;99.0;99.0;98.0;R;1;43.6287;0.179069
2023/01/01 00:00:00;2023/12/31 23:59:59;ATMO OCCITANIE;FR76ZAG01;ZAG TOULOUSE;FR12021;Toulouse Mazades;Urbaine;PM2.5;Fond;Oui;mesures indicatives;Moy. annuelle;9.0;8.707430730478585;µg-m3;;;;R;1;43.623606;1.438531
2023/01/01 00:00:00;2023/12/31 23:59:59;ATMO OCCITANIE;FR76ZAG01;ZAG TOULOUSE;FR12030;Toulouse Berthelot;Urbaine;PM2.5;Fond;Oui;mesures fixes;Moy. annuelle;9.0;8.582769726248005;µg/m3;99.0;100.0;99.0;R;1;43.587344;1.444003
2023/01/01 00:00:00;2023/12/31 23:59:59;ATMO OCCITANIE;FR76ZRE01;ZR OCCITANIE;FR12042;LOURDES LAPACCA;Urbaine;PM2.5;Fond;Oui;mesures fixes;Moy. annuelle;8.0;8.01971438523162;µg-m3;98.0;100.0;98.0;R;1;43.096247;-0.040497
2023/01/01 00:00:00;2023/12/31 23:59:59;ATMO OCCITANIE;FR76ZRE01;ZR OCCITANIE;FR12052;Tarbes lycée Dupuy;Urbaine;PM2.5;Fond;Oui;mesures fixes;Moy. annuelle;9.0;9.295228832951949;µg-m3;100.0;100.0;100.0;R;1;43.230297;0.062339
2023/01/01 00:00:00;2023/12/31 23:59:59;ATMO OCCITANIE;FR76ZRE01;ZR OCCITANIE;FR12053;Stade Travet CASTRES;Urbaine;PM2.5;Fond;Oui;mesures fixes;Moy. annuelle;8.0;8.138589211618235;µg-m3;99.0;47.0;47.0;N;-1;43.610497;2.23015
2023/01/01 00:00:00;2023/12/31 23:59:59;ATMO OCCITANIE;FR76ZAG01;ZAG TOULOUSE;FR12054;TRAFIC_TOULOUSE;Urbaine;PM2.5;Trafic;Oui;mesures fixes;Moy. annuelle;9.0;9.49522650909515;µg-m3;99.0;100.0;99.0;R;1;43.643944;1.468244
2023/01/01 00:00:00;2023/12/31 23:59:59;ATMO OCCITANIE;FR76ZAG01;ZAG TOULOUSE;FR12085;Toulouse Port de l'Embouchure;Urbaine;PM2.5;Trafic;Oui;mesures fixes;Moy. annuelle;11.0;11.175826421444897;µg-m3;95.0;100.0;95.0;R;1;43.610386;1.4152
2023/01/01 00:00:00;2023/12/31 23:59:59;ATMO OCCITANIE;FR76ZRE01;ZR OCCITANIE;FR12095;Rodez;Urbaine;PM2.5;Fond;Oui;mesures fixes;Moy. annuelle;7.0;6.818890160183064;µg-m3;100.0;100.0;100.0;R;1;44.35699225;2.57070422
2023/01/01 00:00:00;2023/12/31 23:59:59;ATMO GRAND EST;FR44ZRE01;ZR GRAND-EST;FR14008;REVIN;Rurale nationale;PM2.5;Fond;Oui;mesures fixes;Moy. annuelle;8.0;7.88499827566389;µg-m3;99.0;100.0;99.0;R;1;49.90778;4.63
2023/01/01 00:00:00;2023/12/31 23:59:59;ATMO GRAND EST;FR44ZAR01;ZAR REIMS;FR14011;DOUMER;Urbaine;PM2.5;Trafic;Oui;mesures fixes;Moy. annuelle;8.0;7.922558330402164;µg-m3;97.0;100.0;97.0;R;1;49.250732;4.023064
2023/01/01 00:00:00;2023/12/31 23:59:59;ATMO GRAND EST;FR44ZAR01;ZAR REIMS;FR14012;Jean d Aulan;Urbaine;PM2.5;Fond;Oui;mesures fixes;Moy. annuelle;8.0;8.475507722242485;µg-m3;94.0;100.0;94.0;R;1;49.224167;4.020556
2023/01/01 00:00:00;2023/12/31 23:59:59;ATMO GRAND EST;FR44ZRE01;ZR GRAND-EST;FR14028;Rempart Perrier;Urbaine;PM2.5;Trafic;Oui;mesures fixes;Moy. annuelle;7.0;7.3758116883116775;µg/m3;98.0;100.0;98.0;R;1;49.0461;3.955911
2023/01/01 00:00:00;2023/12/31 23:59:59;ATMO GRAND EST;FR44ZRE01;ZR GRAND-EST;FR14033;STE SAVINE;Urbaine;PM2.5;Fond;Oui;mesures fixes;Moy. annuelle;7.0;6.980622577822237;µg-m3;92.0;99.0;91.0;R;1;48.295002;4.050278
2023/01/01 00:00:00;2023/12/31 23:59:59;ATMO GRAND EST;FR44ZRE01;ZR GRAND-EST;FR14042;St DIZIER L. Michel;Urbaine;PM2.5;Fond;Oui;mesures fixes;Moy. annuelle;7.0;7.136791269443028;µg-m3;91.0;100.0;91.0;R;1;48.645836;4.966111
2023/01/01 00:00:00;2023/12/31 23:59:59;ATMO AUVERGNE-RHÔNE-ALPES;FR84ZAG02;ZAG GRENOBLE;FR15038;St Martin d'Heres;Urbaine;PM2.5;Fond;Oui;mesures fixes;Moy. annuelle;11.0;10.78064405225764;µg-m3;100.0;100.0;100.0;R;1;45.1828;5.7531
2023/01/01 00:00:00;2023/12/31 23:59:59;ATMO AUVERGNE-RHÔNE-ALPES;FR84ZAG02;ZAG GRENOBLE;FR15043;Grenoble Les Frenes;Urbaine;PM2.5;Fond;Oui;mesures fixes;Moy. annuelle;10.0;10.116751740139216;µg-m3;99.0;99.0;98.0;R;1;45.1619;5.7356
2023/01/01 00:00:00;2023/12/31 23:59:59;ATMO AUVERGNE-RHÔNE-ALPES;FR84ZAG02;ZAG GRENOBLE;FR15048;Gresivaudan Periurb;Périurbaine;PM2.5;Fond;Oui;mesures indicatives;Moy. annuelle;11.0;10.639553520320552;µg-m3;;;;R;1;45.2797;5.8822
2023/01/01 00:00:00;2023/12/31 23:59:59;ATMO AUVERGNE-RHÔNE-ALPES;FR84ZAG02;ZAG GRENOBLE;FR15053;Rocade Sud Eybens;Urbaine;PM2.5;Trafic;Oui;mesures fixes;Moy. annuelle;11.0;11.234936740573675;µg-m3;91.0;100.0;91.0;R;1;45.15467;5.74523
2023/01/01 00:00:00;2023/12/31 23:59:59;ATMO GRAND EST;FR44ZRE01;ZR GRAND-EST;FR16066;Mulhouse Sud 2;Urbaine;PM2.5;Fond;Oui;mesures fixes;Moy. annuelle;9.0;9.331985568549396;µg-m3;94.0;98.0;92.0;R;1;47.737415;7.309075
2023/01/01 00:00:00;2023/12/31 23:59:59;ATMO GRAND EST;FR44ZRE01;ZR GRAND-EST;FR16302;Donon Vosges Moyennes 2;Rurale nationale;PM2.5;Fond;Oui;mesures fixes;Moy. annuelle;5.0;4.96736878453036;µg-m3;99.0;100.0;99.0;R;1;48.492992;7.1298
2023/01/01 00:00:00;2023/12/31 23:59:59;ATMO HAUTS DE FRANCE;FR32ZRE01;ZR HAUTS-DE-FRANCE;FR18039;Arrest;Rurale régionale;PM2.5;Fond;Oui;mesures fixes;Moy. annuelle;9.0;9.182890595492864;µg-m3;94.0;97.0;91.0;R;1;50.129448;1.610833
2023/01/01 00:00:00;2023/12/31 23:59:59;ATMO HAUTS DE FRANCE;FR32ZRE01;ZR HAUTS-DE-FRANCE;FR18042;P. Roth St Quentin;Urbaine;PM2.5;Fond;Oui;mesures fixes;Moy. annuelle;8.0;8.368264110756098;µg-m3;96.0;100.0;96.0;R;1;49.851334;3.284
2023/01/01 00:00:00;2023/12/31 23:59:59;ATMO HAUTS DE FRANCE;FR32ZAR03;ZAR CREIL;FR18043;Faiencerie Creil;Urbaine;PM2.5;Fond;Oui;mesures fixes;Moy. annuelle;9.0;9.398942059293908;µg-m3;95.0;98.0;93.0;R;1;49.259552;2.474397
2023/01/01 00:00:00;2023/12/31 23:59:59;ATMO HAUTS DE FRANCE;FR32ZRE01;ZR HAUTS-DE-FRANCE;FR18045;Roye;Rurale près des villes;PM2.5;Fond;Oui;mesures fixes;Moy. annuelle;8.0;8.04897713598074;µg-m3;78.0;98.0;76.0;N;-1;49.696697;2.801139
2023/01/01 00:00:00;2023/12/31 23:59:59;ATMO HAUTS DE FRANCE;FR32ZAR02;ZAR AMIENS;FR18053;St Pierre Amiens;Urbaine;PM2.5;Fond;Oui;mesures fixes;Moy. annuelle;8.0;8.066319203150337;µg-m3;99.0;100.0;99.0;R;1;49.901667;2.304597
2023/01/01 00:00:00;2023/12/31 23:59:59;ATMO HAUTS DE FRANCE;FR32ZRE01;ZR HAUTS-DE-FRANCE;FR18057;Neuilly-Saint-Front;Rurale régionale;PM2.5;Fond;Oui;mesures fixes;Moy. annuelle;9.0;9.370819291109866;µg-m3;98.0;100.0;98.0;R;1;49.174931;3.260819
2023/01/01 00:00:00;2023/12/31 23:59:59;ATMO HAUTS DE FRANCE;FR32ZAR02;ZAR AMIENS;FR18079;TRAFIC AMIENS;Urbaine;PM2.5;Trafic;Oui;mesures fixes;Moy. annuelle;10.0;9.971195297191391;µg-m3;87.0;100.0;87.0;R;1;49.87722;2.2825
2023/01/01 00:00:00;2023/12/31 23:59:59;ATMO HAUTS DE FRANCE;FR32ZRE01;ZR HAUTS-DE-FRANCE;FR18080;TRAF Saint Quent 14;Urbaine;PM2.5;Trafic;Oui;mesures fixes;Moy. annuelle;11.0;11.297744926083622;µg-m3;92.0;99.0;91.0;R;1;49.84282;3.281439
2023/01/01 00:00:00;2023/12/31 23:59:59;ATMO HAUTS DE FRANCE;FR32ZRE01;ZR HAUTS-DE-FRANCE;FR18089;Trafic Beauvais 1;Urbaine;PM2.5;Trafic;Oui;mesures fixes;Moy. annuelle;10.0;9.699302481556005;µg-m3;85.0;100.0;85.0;R;1;49.435932;2.084292
2023/01/01 00:00:00;2023/12/31 23:59:59;AIR BREIZH;FR53ZAG01;ZAG RENNES;FR19002;Rennes Laennec;Urbaine;PM2.5;Trafic;Oui;mesures fixes;Moy. annuelle;9.0;8.680161569532581;µg-m3;99.0;99.0;99.0;R;1;48.10861;-1.66586
2023/01/01 00:00:00;2023/12/31 23:59:59;AIR BREIZH;FR53ZAR01;ZAR BREST;FR19012;Brest Mace;Urbaine;PM2.5;Fond;Oui;mesures fixes;Moy. annuelle;9.0;8.668453633774897;µg-m3;96.0;96.0;92.0;R;1;48.38618;-4.4866
2023/01/01 00:00:00;2023/12/31 23:59:59;AIR BREIZH;FR53ZAR01;ZAR BREST;FR19014;Brest Desmoulins;Urbaine;PM2.5;Trafic;Oui;mesures fixes;Moy. annuelle;7.0;7.104481298517964;µg-m3;98.0;99.0;97.0;R;1;48.39746;-4.48871
2023/01/01 00:00:00;2023/12/31 23:59:59;AIR BREIZH;FR53ZRE01;ZR BRETAGNE;FR19020;Kergoff;Rurale nationale;PM2.5;Fond;Oui;mesures fixes;Moy. annuelle;7.0;6.581720827178734;µg-m3;96.0;97.0;93.0;R;1;48.261963;-2.943631
2023/01/01 00:00:00;2023/12/31 23:59:59;AIR BREIZH;FR53ZRE01;ZR BRETAGNE;FR19032;Lorient B. Bissonnet;Urbaine;PM2.5;Fond;Oui;mesures fixes;Moy. annuelle;9.0;8.600637920850547;µg-m3;97.0;99.0;97.0;R;1;47.7425;-3.39501
2023/01/01 00:00:00;2023/12/31 23:59:59;AIR BREIZH;FR53ZRE01;ZR BRETAGNE;FR19033;Vannes UTA;Urbaine;PM2.5;Fond;Oui;mesures fixes;Moy. annuelle;9.0;8.57581660529753;µg-m3;98.0;98.0;96.0;R;1;47.64892;-2.76399
2023/01/01 00:00:00;2023/12/31 23:59:59;AIR BREIZH;FR53ZRE01;ZR BRETAGNE;FR19037;Lorient Normandie;Urbaine;PM2.5;Trafic;Oui;mesures fixes;Moy. annuelle;9.0;9.392420027816366;µg-m3;98.0;100.0;98.0;R;1;47.758947;-3.36938
2023/01/01 00:00:00;2023/12/31 23:59:59;AIR BREIZH;FR53ZAG01;ZAG RENNES;FR19039;Rennes Thabor;Urbaine;PM2.5;Fond;Oui;mesures fixes;Moy. annuelle;9.0;9.131848242255503;µg-m3;98.0;100.0;98.0;R;1;48.11521;-1.673088
2023/01/01 00:00:00;2023/12/31 23:59:59;AIR BREIZH;FR53ZRE01;ZR BRETAGNE;FR19053;Quimper Zola;Urbaine;PM2.5;Fond;Oui;mesures fixes;Moy. annuelle;8.0;8.253627760252366;µg-m3;98.0;7.0;7.0;N;-1;47.986606;-4.097658
2023/01/01 00:00:00;2023/12/31 23:59:59;AIR BREIZH;FR53ZRE01;ZR BRETAGNE;FR19061;Saint Brieuc Balzac;Urbaine;PM2.5;Fond;Oui;mesures fixes;Moy. annuelle;7.0;6.576828837318884;µg-m3;97.0;100.0;97.0;R;1;48.51351;-2.74953
2023/01/01 00:00:00;2023/12/31 23:59:59;AIR BREIZH;FR53ZRE01;ZR BRETAGNE;FR19082;StMalo Rocabey;Périurbaine;PM2.5;Fond;Oui;mesures fixes;Moy. annuelle;9.0;9.037810636182893;µg-m3;93.0;99.0;92.0;R;1;48.65306;-2.00268
2023/01/01 00:00:00;2023/12/31 23:59:59;ATMO AUVERGNE-RHÔNE-ALPES;FR84ZAG01;ZAG LYON;FR20013;A7 SUD LYONNAIS;Périurbaine;PM2.5;Trafic;Oui;mesures fixes;Moy. annuelle;11.0;11.22608747467525;µg-m3;96.0;100.0;96.0;R;1;45.720024;4.818156
2023/01/01 00:00:00;2023/12/31 23:59:59;ATMO AUVERGNE-RHÔNE-ALPES;FR84ZAG01;ZAG LYON;FR20017;GERLAND;Urbaine;PM2.5;Fond;Oui;mesures fixes;Moy. annuelle;9.0;9.31611034135278;µg-m3;93.0;98.0;91.0;R;1;45.73529;4.829794
2023/01/01 00:00:00;2023/12/31 23:59:59;ATMO AUVERGNE-RHÔNE-ALPES;FR84ZAG01;ZAG LYON;FR20037;TERNAY;Périurbaine;PM2.5;Fond;Oui;mesures indicatives;Moy. annuelle;10.0;9.58372415532022;µg-m3;;;;R;1;45.6019;4.8022
2023/01/01 00:00:00;2023/12/31 23:59:59;ATMO AUVERGNE-RHÔNE-ALPES;FR84ZAG01;ZAG LYON;FR20046;VAULX EN VELIN;Urbaine;PM2.5;Fond;Oui;mesures fixes;Moy. annuelle;8.0;7.701603276770032;µg-m3;98.0;100.0;98.0;R;1;45.7789;4.9247
2023/01/01 00:00:00;2023/12/31 23:59:59;ATMO AUVERGNE-RHÔNE-ALPES;FR84ZAG01;ZAG LYON;FR20048;SAINT EXUPERY;Périurbaine;PM2.5;Fond;Oui;mesures indicatives;Moy. annuelle;10.0;9.692768255459033;µg-m3;;;;R;1;45.7533;5.0722
2023/01/01 00:00:00;2023/12/31 23:59:59;ATMO AUVERGNE-RHÔNE-ALPES;FR84ZAG01;ZAG LYON;FR20062;LYON Centre;Urbaine;PM2.5;Fond;Oui;mesures fixes;Moy. annuelle;11.0;10.847970863683683;µg-m3;99.0;100.0;99.0;R;1;45.757732;4.854214
2023/01/01 00:00:00;2023/12/31 23:59:59;ATMO AUVERGNE-RHÔNE-ALPES;FR84ZAG01;ZAG LYON;FR20077;Villefranche Centre ;Urbaine;PM2.5;Fond;Oui;mesures fixes;Moy. annuelle;10.0;9.54846833757114;µg-m3;99.0;95.0;94.0;R;1;45.990112;4.715566
2023/01/01 00:00:00;2023/12/31 23:59:59;ATMO NORMANDIE;FR28ZAR02;ZAR CAEN;FR21001;Caen Chemin-Vert;Urbaine;PM2.5;Fond;Oui;mesures fixes;Moy. annuelle;8.0;7.774033844043014;µg-m3;100.0;100.0;100.0;R;1;49.19222;-0.391111
2023/01/01 00:00:00;2023/12/31 23:59:59;ATMO NORMANDIE;FR28ZRE02;ZR NORMANDIE;FR21021;Lisieux;Urbaine;PM2.5;Fond;Oui;mesures fixes;Moy. annuelle;9.0;8.638399999999967;µg-m3;100.0;100.0;100.0;R;1;49.147224;0.227222
2023/01/01 00:00:00;2023/12/31 23:59:59;ATMO NORMANDIE;FR28ZRE02;ZR NORMANDIE;FR21031;Alençon Météo-France;Périurbaine;PM2.5;Fond;Oui;mesures fixes;Moy. annuelle;8.0;8.028370658135264;µg-m3;100.0;100.0;100.0;R;1;48.445553;0.110833
2023/01/01 00:00:00;2023/12/31 23:59:59;ATMO NORMANDIE;FR28ZRE02;ZR NORMANDIE;FR21038;Cherbourg Hotel de Ville;Urbaine;PM2.5;Fond;Oui;mesures fixes;Moy. annuelle;8.0;8.490524631386403;µg-m3;100.0;100.0;100.0;R;1;49.64225;-1.624361
2023/01/01 00:00:00;2023/12/31 23:59:59;ATMO NORMANDIE;FR28ZRE02;ZR NORMANDIE;FR21039;Cherbourg PMF;Urbaine;PM2.5;Trafic;Oui;mesures fixes;Moy. annuelle;6.0;6.4458657767890175;µg-m3;95.0;97.0;92.0;R;1;49.6338888888888;-1.62472222221668
2023/01/01 00:00:00;2023/12/31 23:59:59;ATMO NORMANDIE;FR28ZRE02;ZR NORMANDIE;FR21050;La Coulonche MERA;Rurale nationale;PM2.5;Fond;Oui;mesures fixes;Moy. annuelle;7.0;6.8749504604266285;µg-m3;98.0;100.0;98.0;R;1;48.645;-0.458333
2023/01/01 00:00:00;2023/12/31 23:59:59;ATMO GRAND EST;FR44ZRE01;ZR GRAND-EST;FR22054;Station de FORBACH;Urbaine;PM2.5;Fond;Oui;mesures fixes;Moy. annuelle;7.0;7.1916903073286;µg-m3;97.0;100.0;97.0;R;1;49.18742;6.910867
2023/01/01 00:00:00;2023/12/31 23:59:59;AIR PAYS DE LA LOIRE;FR52ZAG01;ZAG NANTES-SAINT-NAZAIRE;FR23003;LA MEGRETAIS;Périurbaine;PM2.5;Industrielle;Oui;mesures fixes;Moy. annuelle;9.0;8.99455696202532;µg-m3;99.0;100.0;99.0;R;1;47.322705;-2.039243
2023/01/01 00:00:00;2023/12/31 23:59:59;AIR PAYS DE LA LOIRE;FR52ZRE01;ZR PAYS-DE-LA-LOIRE;FR23068;FROSSAY;Rurale près des villes;PM2.5;Industrielle;Oui;mesures fixes;Moy. annuelle;7.0;7.2329990539261955;µg-m3;100.0;61.0;60.0;N;-1;47.247353;-1.936522
2023/01/01 00:00:00;2023/12/31 23:59:59;AIR PAYS DE LA LOIRE;FR52ZAG01;ZAG NANTES-SAINT-NAZAIRE;FR23070;S ETIENNE DE MONTLUC;Périurbaine;PM2.5;Industrielle;Oui;mesures fixes;Moy. annuelle;8.0;7.816769533814842;µg-m3;96.0;90.0;87.0;R;1;47.283127;-1.783082
2023/01/01 00:00:00;2023/12/31 23:59:59;AIR PAYS DE LA LOIRE;FR52ZAG01;ZAG NANTES-SAINT-NAZAIRE;FR23107;LA CHAUVINIERE;Urbaine;PM2.5;Fond;Oui;mesures fixes;Moy. annuelle;9.0;8.95431914649537;µg-m3;100.0;100.0;100.0;R;1;47.252777;-1.573333
2023/01/01 00:00:00;2023/12/31 23:59:59;AIR PAYS DE LA LOIRE;FR52ZAG01;ZAG NANTES-SAINT-NAZAIRE;FR23110;LEON BLUM;Urbaine;PM2.5;Fond;Oui;mesures fixes;Moy. annuelle;8.0;8.098852679116321;µg-m3;95.0;99.0;94.0;R;1;47.264109;-2.250153
2023/01/01 00:00:00;2023/12/31 23:59:59;AIR PAYS DE LA LOIRE;FR52ZAR01;ZAR ANGERS-LOIRE;FR23120;BEAUX ARTS;Urbaine;PM2.5;Fond;Oui;mesures fixes;Moy. annuelle;9.0;9.263148868054015;µg-m3;100.0;100.0;100.0;R;1;47.468498;-0.555925
2023/01/01 00:00:00;2023/12/31 23:59:59;AIR PAYS DE LA LOIRE;FR52ZRE01;ZR PAYS-DE-LA-LOIRE;FR23124;LA TARDIERE;Rurale nationale;PM2.5;Fond;Oui;mesures fixes;Moy. annuelle;8.0;7.738740009402899;µg-m3;98.0;99.0;97.0;R;1;46.656625;-0.743381
2023/01/01 00:00:00;2023/12/31 23:59:59;AIR PAYS DE LA LOIRE;FR52ZRE01;ZR PAYS-DE-LA-LOIRE;FR23152;DELACROIX;Urbaine;PM2.5;Fond;Oui;mesures fixes;Moy. annuelle;9.0;8.887936362595857;µg-m3;100.0;100.0;100.0;R;1;46.660649;-1.43686
2023/01/01 00:00:00;2023/12/31 23:59:59;AIR PAYS DE LA LOIRE;FR52ZRE01;ZR PAYS-DE-LA-LOIRE;FR23177;SAINT-DENIS D'ANJOU;Rurale régionale;PM2.5;Fond;Oui;mesures fixes;Moy. annuelle;8.0;8.267449049690862;µg-m3;100.0;100.0;100.0;R;1;47.788334;-0.444756
2023/01/01 00:00:00;2023/12/31 23:59:59;AIR PAYS DE LA LOIRE;FR52ZAG01;ZAG NANTES-SAINT-NAZAIRE;FR23178;PARSCAU DU PLESSIS;Périurbaine;PM2.5;Industrielle;Oui;mesures fixes;Moy. annuelle;8.0;8.0333294891016;µg-m3;99.0;100.0;99.0;R;1;47.318894;-2.066876
2023/01/01 00:00:00;2023/12/31 23:59:59;AIR PAYS DE LA LOIRE;FR52ZAR02;ZAR LE-MANS;FR23182;SOURCES;Urbaine;PM2.5;Fond;Oui;mesures fixes;Moy. annuelle;9.0;8.589782608695623;µg-m3;95.0;99.0;95.0;R;1;47.971144;0.221356
2023/01/01 00:00:00;2023/12/31 23:59:59;AIR PAYS DE LA LOIRE;FR52ZAG01;ZAG NANTES-SAINT-NAZAIRE;FR23188;CIM BOUTEILLERIE;Urbaine;PM2.5;Fond;Oui;mesures fixes;Moy. annuelle;9.0;9.059771036061841;µg-m3;100.0;100.0;100.0;R;1;47.222188;-1.537432
2023/01/01 00:00:00;2023/12/31 23:59:59;AIR PAYS DE LA LOIRE;FR52ZAG01;ZAG NANTES-SAINT-NAZAIRE;FR23238;LEVOYER;Urbaine;PM2.5;Industrielle;Oui;mesures fixes;Moy. annuelle;8.0;8.436706047490961;µg-m3;98.0;100.0;98.0;R;1;47.194158;-1.581689
2023/01/01 00:00:00;2023/12/31 23:59:59;AIR PAYS DE LA LOIRE;FR52ZAG01;ZAG NANTES-SAINT-NAZAIRE;FR23239;LES COUETS;Urbaine;PM2.5;Industrielle;Oui;mesures fixes;Moy. annuelle;7.0;7.151313953488352;µg-m3;98.0;100.0;98.0;R;1;47.185938;-1.591504
2023/01/01 00:00:00;2023/12/31 23:59:59;AIR PAYS DE LA LOIRE;FR52ZAG01;ZAG NANTES-SAINT-NAZAIRE;FR23249;CAME;Périurbaine;PM2.5;Industrielle;Oui;mesures fixes;Moy. annuelle;9.0;8.826675817890647;µg-m3;100.0;100.0;100.0;R;1;47.321129;-2.127344
2023/01/01 00:00:00;2023/12/31 23:59:59;AIR PAYS DE LA LOIRE;FR52ZAG01;ZAG NANTES-SAINT-NAZAIRE;FR23251;FRERES GONCOURT;Urbaine;PM2.5;Trafic;Oui;mesures fixes;Moy. annuelle;10.0;9.741494974874398;µg-m3;94.0;96.0;91.0;R;1;47.233557;-1.564811
2023/01/01 00:00:00;2023/12/31 23:59:59;ATMO SUD;FR93ZAG02;ZAG NICE;FR24009;CANNES BROUSSAILLES;Urbaine;PM2.5;Fond;Oui;mesures fixes;Moy. annuelle;9.0;9.226365795724465;µg-m3;99.0;98.0;96.0;R;1;43.558389;7.005919
2023/01/01 00:00:00;2023/12/31 23:59:59;ATMO SUD;FR93ZRE02;ZR PROVENCE-ALPES-COTE-D-AZUR;FR24018;MANOSQUE;Urbaine;PM2.5;Fond;Oui;mesures fixes;Moy. annuelle;9.0;8.500642570281121;µg-m3;99.0;100.0;99.0;R;1;43.835784;5.786131
2023/01/01 00:00:00;2023/12/31 23:59:59;ATMO SUD;FR93ZAG02;ZAG NICE;FR24021;PEILLON;Périurbaine;PM2.5;Industrielle;Oui;mesures fixes;Moy. annuelle;11.0;11.458955309178176;µg-m3;100.0;100.0;100.0;R;1;43.786583;7.373283
2023/01/01 00:00:00;2023/12/31 23:59:59;ATMO SUD;FR93ZRE02;ZR PROVENCE-ALPES-COTE-D-AZUR;FR24033;GAP COMMANDERIE;Urbaine;PM2.5;Fond;Oui;mesures fixes;Moy. annuelle;12.0;11.639167929145803;µg-m3;98.0;100.0;98.0;R;1;44.555193;6.073015
2023/01/01 00:00:00;2023/12/31 23:59:59;ATMO SUD;FR93ZAG02;ZAG NICE;FR24035;NICE PROMENADE;Urbaine;PM2.5;Trafic;Oui;mesures fixes;Moy. annuelle;10.0;9.753040500649458;µg-m3;97.0;99.0;97.0;R;1;43.689291;7.242074
2023/01/01 00:00:00;2023/12/31 23:59:59;ATMO SUD;FR93ZAG02;ZAG NICE;FR24036;NICE ARSON;Urbaine;PM2.5;Fond;Oui;mesures fixes;Moy. annuelle;9.0;9.384434293745631;µg-m3;98.0;99.0;97.0;R;1;43.702075;7.286256
2023/01/01 00:00:00;2023/12/31 23:59:59;ATMO SUD;FR93ZRE02;ZR PROVENCE-ALPES-COTE-D-AZUR;FR24038;GAP JEAN JAURES;Urbaine;PM2.5;Trafic;Oui;mesures fixes;Moy. annuelle;11.0;10.610259709873644;µg-m3;98.0;100.0;98.0;R;1;44.548647;6.067237
2023/01/01 00:00:00;2023/12/31 23:59:59;ATMO SUD;FR93ZRE02;ZR PROVENCE-ALPES-COTE-D-AZUR;FR24039;Obs Haute-Provence;Rurale près des villes;PM2.5;Fond;Oui;mesures fixes;Moy. annuelle;5.0;5.43530576875461;µg-m3;93.0;99.0;92.0;R;1;43.933476;5.711809
2023/01/01 00:00:00;2023/12/31 23:59:59;ATMO NORMANDIE;FR28ZAG01;ZAG ROUEN;FR25036;Espace du Palais;Urbaine;PM2.5;Fond;Oui;mesures fixes;Moy. annuelle;10.0;9.833425925925928;µg-m3;99.0;99.0;99.0;R;1;49.442358;1.093789
2023/01/01 00:00:00;2023/12/31 23:59:59;ATMO NORMANDIE;FR28ZRE02;ZR NORMANDIE;FR25039;Evreux Centre;Urbaine;PM2.5;Fond;Oui;mesures fixes;Moy. annuelle;8.0;7.8457539591461645;µg-m3;99.0;100.0;99.0;R;1;49.02134;1.148319
2023/01/01 00:00:00;2023/12/31 23:59:59;ATMO NORMANDIE;FR28ZAG01;ZAG ROUEN;FR25043;Centre Hospitalier;Urbaine;PM2.5;Fond;Oui;mesures fixes;Moy. annuelle;8.0;7.6982619936799805;µg-m3;95.0;84.0;79.0;N;-1;49.4005;1.099042
2023/01/01 00:00:00;2023/12/31 23:59:59;ATMO NORMANDIE;FR28ZRE02;ZR NORMANDIE;FR25049;Base loisirs Poses;Rurale près des villes;PM2.5;Fond;Oui;mesures fixes;Moy. annuelle;6.0;6.445082151699293;µg-m3;98.0;52.0;51.0;N;-1;49.30487;1.214367
2023/01/01 00:00:00;2023/12/31 23:59:59;ATMO NORMANDIE;FR28ZRE02;ZR NORMANDIE;FR25051;Dieppe prox-auto;Urbaine;PM2.5;Trafic;Oui;mesures fixes;Moy. annuelle;10.0;10.349841008126214;µg-m3;97.0;99.0;97.0;R;1;49.918007;1.073972
2023/01/01 00:00:00;2023/12/31 23:59:59;ATMO NORMANDIE;FR28ZAG01;ZAG ROUEN;FR25053;Rouen Proxi Quai de Paris;Urbaine;PM2.5;Trafic;Oui;mesures fixes;Moy. annuelle;9.0;8.535549509050051;µg-m3;96.0;100.0;96.0;R;1;49.436699;1.098838
2023/01/01 00:00:00;2023/12/31 23:59:59;ATMO NORMANDIE;FR28ZRE02;ZR NORMANDIE;FR25055;Dieppe Golf;Périurbaine;PM2.5;Fond;Oui;mesures fixes;Moy. annuelle;9.0;9.151036906854126;µg-m3;99.0;98.0;97.0;R;1;49.920492;1.047892
2023/01/01 00:00:00;2023/12/31 23:59:59;ATMO BOURGOGNE-FRANCHE-COMTE;FR27ZAR02;ZAR DIJON;FR26005;Dijon Péjoces;Périurbaine;PM2.5;Fond;Oui;mesures fixes;Moy. annuelle;6.0;6.114993834771912;µg-m3;93.0;100.0;93.0;R;1;47.307368;5.065881
2023/01/01 00:00:00;2023/12/31 23:59:59;ATMO BOURGOGNE-FRANCHE-COMTE;FR27ZRE01;ZR BOURGOGNE-FRANCHE-COMTE;FR26012;Morvan;Rurale nationale;PM2.5;Fond;Oui;mesures fixes;Moy. annuelle;5.0;4.893475594800092;µg-m3;94.0;99.0;93.0;R;1;47.274762;4.099476
2023/01/01 00:00:00;2023/12/31 23:59:59;ATMO BOURGOGNE-FRANCHE-COMTE;FR27ZRE01;ZR BOURGOGNE-FRANCHE-COMTE;FR26019;Auxerre;Urbaine;PM2.5;Fond;Oui;mesures fixes;Moy. annuelle;8.0;7.815756375917099;µg-m3;98.0;100.0;98.0;R;1;47.800575;3.576189
2023/01/01 00:00:00;2023/12/31 23:59:59;ATMO BOURGOGNE-FRANCHE-COMTE;FR27ZAR02;ZAR DIJON;FR26094;Dijon Ardennes;Urbaine;PM2.5;Trafic;Oui;mesures fixes;Moy. annuelle;5.0;4.647404802328415;µg-m3;94.0;100.0;94.0;R;1;47.351367;5.070706
2023/01/01 00:00:00;2023/12/31 23:59:59;ATMO AUVERGNE-RHÔNE-ALPES;FR84ZAG01;ZAG LYON;FR27007;Bourgoin-Jallieu;Urbaine;PM2.5;Fond;Oui;mesures indicatives;Moy. annuelle;10.0;9.73119935170178;µg-m3;;;;N;-1;45.60822;5.270872
2023/01/01 00:00:00;2023/12/31 23:59:59;ATMO AUVERGNE-RHÔNE-ALPES;FR84ZAR02;ZAR VALLEE-DU-RHONE;FR27011;A7 Salaise Ouest;Périurbaine;PM2.5;Trafic;Oui;mesures indicatives;Moy. annuelle;10.0;9.688647704590823;µg-m3;;;;R;1;45.344078;4.807481
2023/01/01 00:00:00;2023/12/31 23:59:59;ATMO HAUTS DE FRANCE;FR32ZAG01;ZAG BLDV;FR28010;Harnes Serres;Périurbaine;PM2.5;Fond;Oui;mesures indicatives;Moy. annuelle;9.0;9.11380733216948;µg-m3;;;;R;1;50.44914;2.9
2023/01/01 00:00:00;2023/12/31 23:59:59;ATMO HAUTS DE FRANCE;FR32ZAR04;ZAR ARRAS;FR28022;St-Laurent-Blangy;Périurbaine;PM2.5;Fond;Oui;mesures fixes;Moy. annuelle;7.0;7.325813295615235;µg-m3;97.0;84.0;81.0;N;-1;50.30886;2.807369
2023/01/01 00:00:00;2023/12/31 23:59:59;ATMO HAUTS DE FRANCE;FR32ZAG01;ZAG BLDV;FR28028;Bethune Stade;Urbaine;PM2.5;Fond;Oui;mesures fixes;Moy. annuelle;10.0;10.221030640668513;µg-m3;67.0;98.0;66.0;N;-1;50.535385;2.635692
2023/01/01 00:00:00;2023/12/31 23:59:59;ATMO AUVERGNE-RHÔNE-ALPES;FR84ZAG03;ZAG SAINT-ETIENNE;FR29424;SAINT ETIENNE SUD;Urbaine;PM2.5;Fond;Oui;mesures fixes;Moy. annuelle;8.0;8.44706289671088;µg-m3;99.0;99.0;99.0;R;1;45.42009;4.395422
2023/01/01 00:00:00;2023/12/31 23:59:59;ATMO AUVERGNE-RHÔNE-ALPES;FR84ZAG03;ZAG SAINT-ETIENNE;FR29426;SAINT-CHAMOND;Urbaine;PM2.5;Fond;Oui;mesures fixes;Moy. annuelle;9.0;8.782998490303088;µg-m3;99.0;99.0;98.0;R;1;45.475327;4.515003
2023/01/01 00:00:00;2023/12/31 23:59:59;ATMO GRAND EST;FR44ZRE01;ZR GRAND-EST;FR30019;Epinal;Urbaine;PM2.5;Fond;Oui;mesures fixes;Moy. annuelle;7.0;6.523074132301389;µg-m3;94.0;100.0;94.0;R;1;48.1726528;6.45281666
2023/01/01 00:00:00;2023/12/31 23:59:59;ATMO GRAND EST;FR44ZRE01;ZR GRAND-EST;FR30026;Luneville;Urbaine;PM2.5;Trafic;Oui;mesures fixes;Moy. annuelle;8.0;7.917756448710284;µg-m3;95.0;100.0;95.0;R;1;48.584824;6.4839
2023/01/01 00:00:00;2023/12/31 23:59:59;ATMO GRAND EST;FR44ZRE01;ZR GRAND-EST;FR30033;Jonville en Woevre;Rurale régionale;PM2.5;Fond;Oui;mesures fixes;Moy. annuelle;8.0;8.15769915706992;µg-m3;96.0;100.0;96.0;R;1;49.06583;5.785556
2023/01/01 00:00:00;2023/12/31 23:59:59;ATMO GRAND EST;FR44ZAG03;ZAG NANCY;FR30034;Nancy-Charles III;Urbaine;PM2.5;Fond;Oui;mesures fixes;Moy. annuelle;8.0;8.325968803314646;µg-m3;94.0;100.0;94.0;R;1;48.68817;6.190431
2023/01/01 00:00:00;2023/12/31 23:59:59;ATMO GRAND EST;FR44ZAG03;ZAG NANCY;FR30036;Nancy-Libération;Urbaine;PM2.5;Trafic;Oui;mesures fixes;Moy. annuelle;8.0;8.225972006220859;µg-m3;95.0;100.0;95.0;R;1;48.69708;6.154194
2023/01/01 00:00:00;2023/12/31 23:59:59;ATMO NOUVELLE-AQUITAINE;FR75ZAG01;ZAG BORDEAUX;FR31002;TALENCE;Urbaine;PM2.5;Fond;Oui;mesures fixes;Moy. annuelle;10.0;9.567412473916086;µg-m3;99.0;100.0;98.0;R;1;44.800462;-0.589398
2023/01/01 00:00:00;2023/12/31 23:59:59;ATMO NOUVELLE-AQUITAINE;FR75ZAG01;ZAG BORDEAUX;FR31007;BASSENS;Urbaine;PM2.5;Fond;Oui;mesures fixes;Moy. annuelle;8.0;8.039063050369839;µg-m3;97.0;100.0;97.0;R;1;44.900296;-0.515835
2023/01/01 00:00:00;2023/12/31 23:59:59;ATMO NOUVELLE-AQUITAINE;FR75ZRE02;ZR NOUVELLE-AQUITAINE;FR31013;BILLERE;Urbaine;PM2.5;Fond;Oui;mesures fixes;Moy. annuelle;8.0;8.352567208953504;µg-m3;99.0;100.0;99.0;R;1;43.310797;-0.391543
2023/01/01 00:00:00;2023/12/31 23:59:59;ATMO NOUVELLE-AQUITAINE;FR75ZRE02;ZR NOUVELLE-AQUITAINE;FR31033;PERIGUEUX;Urbaine;PM2.5;Fond;Oui;mesures fixes;Moy. annuelle;8.0;8.02360196383665;µg-m3;96.0;99.0;95.0;R;1;45.189825;0.727184
2023/01/01 00:00:00;2023/12/31 23:59:59;ATMO NOUVELLE-AQUITAINE;FR75ZRE02;ZR NOUVELLE-AQUITAINE;FR31036;DAX;Urbaine;PM2.5;Fond;Oui;mesures fixes;Moy. annuelle;10.0;10.04479182101049;µg-m3;99.0;78.0;77.0;N;-1;43.704643;-1.038557
2023/01/01 00:00:00;2023/12/31 23:59:59;ATMO NOUVELLE-AQUITAINE;FR75ZRE02;ZR NOUVELLE-AQUITAINE;FR31040;MARMANDE;Périurbaine;PM2.5;Trafic;Oui;mesures fixes;Moy. annuelle;7.0;6.6371181772658945;µg-m3;96.0;95.0;91.0;R;1;44.508782;0.142695
2023/01/01 00:00:00;2023/12/31 23:59:59;ATMO NOUVELLE-AQUITAINE;FR75ZRE02;ZR NOUVELLE-AQUITAINE;FR31041;MONT DE MARSAN;Urbaine;PM2.5;Trafic;Oui;mesures fixes;Moy. annuelle;9.0;8.606132208157526;µg-m3;97.0;42.0;41.0;N;-1;43.8961;-0.491403
2023/01/01 00:00:00;2023/12/31 23:59:59;ATMO NOUVELLE-AQUITAINE;FR75ZAG02;ZAG BAYONNE;FR31043;Biarritz-hippodrome;Périurbaine;PM2.5;Fond;Oui;mesures fixes;Moy. annuelle;5.0;4.87695870320339;µg-m3;89.0;100.0;89.0;R;1;43.470237;-1.553876
2023/01/01 00:00:00;2023/12/31 23:59:59;ATMO NOUVELLE-AQUITAINE;FR75ZAG01;ZAG BORDEAUX;FR31045;Bordeaux_GAUTIER;Urbaine;PM2.5;Trafic;Oui;mesures fixes;Moy. annuelle;9.0;9.266823308270709;µg-m3;97.0;100.0;97.0;R;1;44.833825;-0.598525
2023/01/01 00:00:00;2023/12/31 23:59:59;ATMO NOUVELLE-AQUITAINE;FR75ZRE02;ZR NOUVELLE-AQUITAINE;FR31055;MONT-DE-MARSAN - MIDOUZE;Urbaine;PM2.5;Fond;Oui;mesures fixes;Moy. annuelle;5.0;4.528586080586095;µg-m3;88.0;88.0;78.0;N;-1;43.888972;-0.507028
2023/01/01 00:00:00;2023/12/31 23:59:59;ATMO BOURGOGNE-FRANCHE-COMTE;FR27ZAR04;ZAR CHALON;FR32001;Chalon Centre Ville;Urbaine;PM2.5;Trafic;Oui;mesures fixes;Moy. annuelle;9.0;8.852903379343172;µg-m3;96.0;100.0;96.0;R;1;46.782311;4.847322
2023/01/01 00:00:00;2023/12/31 23:59:59;ATMO BOURGOGNE-FRANCHE-COMTE;FR27ZRE01;ZR BOURGOGNE-FRANCHE-COMTE;FR32005;Montceau-les-Mines 9me écluse;Urbaine;PM2.5;Fond;Oui;mesures fixes;Moy. annuelle;8.0;7.722884569803259;µg-m3;97.0;99.0;96.0;R;1;46.678785;4.366893
2023/01/01 00:00:00;2023/12/31 23:59:59;ATMO BOURGOGNE-FRANCHE-COMTE;FR27ZRE01;ZR BOURGOGNE-FRANCHE-COMTE;FR32006;Macon Paul Bert;Périurbaine;PM2.5;Fond;Oui;mesures fixes;Moy. annuelle;6.0;6.4662804445495405;µg-m3;97.0;100.0;97.0;R;1;46.316172;4.839994
2023/01/01 00:00:00;2023/12/31 23:59:59;ATMO AUVERGNE-RHÔNE-ALPES;FR84ZAR01;ZAR PAYS-DE-SAVOIE;FR33101;PASTEUR;Urbaine;PM2.5;Fond;Oui;mesures fixes;Moy. annuelle;10.0;9.528029678483078;µg-m3;97.0;100.0;97.0;R;1;45.56472;5.928333
2023/01/01 00:00:00;2023/12/31 23:59:59;ATMO AUVERGNE-RHÔNE-ALPES;FR84ZAR04;ZAR VALLEE-DE-LA-TARANTAISE;FR33121;Albertville;Urbaine;PM2.5;Fond;Oui;mesures fixes;Moy. annuelle;9.0;9.10802120548579;µg-m3;99.0;100.0;99.0;R;1;45.675;6.389722
2023/01/01 00:00:00;2023/12/31 23:59:59;ATMO AUVERGNE-RHÔNE-ALPES;FR84ZAR01;ZAR PAYS-DE-SAVOIE;FR33201;LOVERCHY;Urbaine;PM2.5;Fond;Oui;mesures fixes;Moy. annuelle;10.0;10.327138206569979;µg-m3;77.0;100.0;77.0;N;-1;45.89528;6.118333
2023/01/01 00:00:00;2023/12/31 23:59:59;ATMO AUVERGNE-RHÔNE-ALPES;FR84ZAR01;ZAR PAYS-DE-SAVOIE;FR33212;GAILLARD;Urbaine;PM2.5;Fond;Oui;mesures fixes;Moy. annuelle;9.0;9.132197360872032;µg-m3;99.0;100.0;99.0;R;1;46.193641;6.214534
2023/01/01 00:00:00;2023/12/31 23:59:59;ATMO AUVERGNE-RHÔNE-ALPES;FR84ZAR03;ZAR VALLEE-DE-L-ARVE;FR33220;PASSY;Périurbaine;PM2.5;Fond;Oui;mesures fixes;Moy. annuelle;13.0;13.304429561743675;µg-m3;98.0;99.0;97.0;R;1;45.92361;6.713611
2023/01/01 00:00:00;2023/12/31 23:59:59;ATMO AUVERGNE-RHÔNE-ALPES;FR84ZRE02;ZR AUVERGNE-RHONE-ALPES;FR33302;St Germain/Rhône;Rurale près des villes;PM2.5;Fond;Oui;mesures indicatives;Moy. annuelle;7.0;6.89855866587254;µg-m3;;;;R;1;46.072224;5.820833
2023/01/01 00:00:00;2023/12/31 23:59:59;ATMO AUVERGNE-RHÔNE-ALPES;FR84ZRE02;ZR AUVERGNE-RHONE-ALPES;FR33305;Bourg-en-Bresse;Urbaine;PM2.5;Fond;Oui;mesures fixes;Moy. annuelle;9.0;8.654609130706735;µg-m3;96.0;95.0;91.0;R;1;46.211666;5.226389
2023/01/01 00:00:00;2023/12/31 23:59:59;LIG'AIR;FR24ZAG02;ZAG ORLEANS;FR34014;St Jean;Urbaine;PM2.5;Fond;Oui;mesures fixes;Moy. annuelle;6.0;6.318750000000001;µg-m3;89.0;2.0;1.0;N;-1;47.917398;1.966258
2023/01/01 00:00:00;2023/12/31 23:59:59;LIG'AIR;FR24ZAG01;ZAG TOURS;FR34024;Joué lès Tours;Urbaine;PM2.5;Fond;Oui;mesures fixes;Moy. annuelle;9.0;8.615828571428573;µg-m3;100.0;100.0;100.0;R;1;47.344139;0.653778
2023/01/01 00:00:00;2023/12/31 23:59:59;LIG'AIR;FR24ZAG01;ZAG TOURS;FR34028;Pompidou;Urbaine;PM2.5;Trafic;Oui;mesures fixes;Moy. annuelle;9.0;8.785800674497022;µg-m3;98.0;100.0;98.0;R;1;47.394639;0.704861
2023/01/01 00:00:00;2023/12/31 23:59:59;LIG'AIR;FR24ZAG02;ZAG ORLEANS;FR34029;La_Source-CNRS;Urbaine;PM2.5;Fond;Oui;mesures fixes;Moy. annuelle;8.0;8.031717435107268;µg-m3;97.0;100.0;96.0;R;1;47.83775;1.944667
2023/01/01 00:00:00;2023/12/31 23:59:59;LIG'AIR;FR24ZRE02;ZR CENTRE-VAL-DE-LOIRE;FR34032;Leblanc;Urbaine;PM2.5;Fond;Oui;mesures fixes;Moy. annuelle;8.0;8.062577890606931;µg-m3;99.0;100.0;99.0;R;1;47.082778;2.405333
2023/01/01 00:00:00;2023/12/31 23:59:59;LIG'AIR;FR24ZRE02;ZR CENTRE-VAL-DE-LOIRE;FR34038;Verneuil;Rurale nationale;PM2.5;Fond;Oui;mesures fixes;Moy. annuelle;7.0;7.371798460461859;µg-m3;98.0;100.0;98.0;R;1;46.814694;2.610069
2023/01/01 00:00:00;2023/12/31 23:59:59;LIG'AIR;FR24ZRE02;ZR CENTRE-VAL-DE-LOIRE;FR34041;Fulbert;Urbaine;PM2.5;Fond;Oui;mesures fixes;Moy. annuelle;8.0;8.20604159405136;µg-m3;98.0;100.0;98.0;R;1;48.444417;1.510139
2023/01/01 00:00:00;2023/12/31 23:59:59;LIG'AIR;FR24ZRE02;ZR CENTRE-VAL-DE-LOIRE;FR34046;Dreux Centre;Urbaine;PM2.5;Fond;Oui;mesures fixes;Moy. annuelle;8.0;8.099283319847439;µg-m3;99.0;100.0;99.0;R;1;48.729694;1.358472
2023/01/01 00:00:00;2023/12/31 23:59:59;LIG'AIR;FR24ZRE02;ZR CENTRE-VAL-DE-LOIRE;FR34048;Chartres_trafic;Urbaine;PM2.5;Trafic;Oui;mesures fixes;Moy. annuelle;8.0;8.017897429933699;µg-m3;98.0;100.0;98.0;R;1;48.449158;1.492469
2023/01/01 00:00:00;2023/12/31 23:59:59;LIG'AIR;FR24ZRE02;ZR CENTRE-VAL-DE-LOIRE;FR34051;Chateauroux Sud;Urbaine;PM2.5;Fond;Oui;mesures fixes;Moy. annuelle;8.0;8.323153855099413;µg-m3;98.0;100.0;98.0;R;1;46.798278;1.693139
2023/01/01 00:00:00;2023/12/31 23:59:59;LIG'AIR;FR24ZAR02;ZAR BLOIS;FR34061;Blois nord;Urbaine;PM2.5;Fond;Oui;mesures fixes;Moy. annuelle;8.0;7.949006089854088;µg-m3;99.0;100.0;99.0;R;1;47.594256;1.302667
2023/01/01 00:00:00;2023/12/31 23:59:59;LIG'AIR;FR24ZAR02;ZAR BLOIS;FR34063;Blois_trafic;Urbaine;PM2.5;Trafic;Oui;mesures fixes;Moy. annuelle;8.0;7.915818675481047;µg-m3;97.0;99.0;97.0;R;1;47.586544;1.326533
2023/01/01 00:00:00;2023/12/31 23:59:59;LIG'AIR;FR24ZRE02;ZR CENTRE-VAL-DE-LOIRE;FR34064;Montargis_trafic;Urbaine;PM2.5;Trafic;Oui;mesures fixes;Moy. annuelle;8.0;7.604660283769746;µg-m3;99.0;100.0;99.0;R;1;48.006936;2.740111
2023/01/01 00:00:00;2023/12/31 23:59:59;LIG'AIR;FR24ZRE02;ZR CENTRE-VAL-DE-LOIRE;FR34065;Montargis Fond;Urbaine;PM2.5;Fond;Oui;mesures fixes;Moy. annuelle;6.0;5.783333333333334;µg-m3;83.0;1.0;1.0;N;-1;47.996994;2.731511
2023/01/01 00:00:00;2023/12/31 23:59:59;LIG'AIR;FR24ZRE02;ZR CENTRE-VAL-DE-LOIRE;FR34066;Montargis Les Cites;Urbaine;PM2.5;Fond;Oui;mesures fixes;Moy. annuelle;9.0;8.609071655488878;µg-m3;98.0;99.0;97.0;R;1;48.00145;2.72618
2023/01/01 00:00:00;2023/12/31 23:59:59;LIG'AIR;FR24ZAG02;ZAG ORLEANS;FR34067;St Jean de la Ruelle;Urbaine;PM2.5;Fond;Oui;mesures fixes;Moy. annuelle;10.0;10.387379666588396;µg-m3;100.0;98.0;97.0;R;1;47.910303;1.873431
2023/01/01 00:00:00;2023/12/31 23:59:59;ATMO NOUVELLE-AQUITAINE;FR75ZAR01;ZAR LIMOGES;FR35027;LIMOGES - BERLAND;Urbaine;PM2.5;Fond;Oui;mesures fixes;Moy. annuelle;7.0;7.207586048117867;µg-m3;99.0;100.0;99.0;R;1;45.842204;1.259689
2023/01/01 00:00:00;2023/12/31 23:59:59;ATMO AUVERGNE-RHÔNE-ALPES;FR84ZAR02;ZAR VALLEE-DU-RHONE;FR36002;Valence Urb. Centre;Urbaine;PM2.5;Fond;Oui;mesures fixes;Moy. annuelle;10.0;10.187322491983545;µg-m3;100.0;100.0;100.0;R;1;44.933514;4.893481
2023/01/01 00:00:00;2023/12/31 23:59:59;ATMO AUVERGNE-RHÔNE-ALPES;FR84ZAR02;ZAR VALLEE-DU-RHONE;FR36019;Romans-sur-Isère;Urbaine;PM2.5;Fond;Oui;mesures fixes;Moy. annuelle;11.0;11.420356234096733;µg-m3;99.0;100.0;99.0;R;1;45.0425;5.0443
2023/01/01 00:00:00;2023/12/31 23:59:59;ATMO AUVERGNE-RHÔNE-ALPES;FR84ZRE02;ZR AUVERGNE-RHONE-ALPES;FR36021;Drôme Rurale Sud-SND;Rurale nationale;PM2.5;Fond;Oui;mesures fixes;Moy. annuelle;5.0;4.990818918592025;µg-m3;96.0;99.0;94.0;R;1;44.569443;5.278972
2023/01/01 00:00:00;2023/12/31 23:59:59;ATMO AUVERGNE-RHÔNE-ALPES;FR84ZAR02;ZAR VALLEE-DU-RHONE;FR36032;A7 Valence Est;Urbaine;PM2.5;Trafic;Oui;mesures indicatives;Moy. annuelle;8.0;8.436092990155373;µg-m3;;;;R;1;44.9492;4.890133
2023/01/01 00:00:00;2023/12/31 23:59:59;GWAD'AIR;FR01ZAG01;ZAG POINTE-A-PITRE;FR37006;PTP-VICTOIRE;Urbaine;PM2.5;Fond;Oui;mesures fixes;Moy. annuelle;9.0;8.859921437924054;µg/m3;98.0;98.0;96.0;R;1;16.23674;-61.534101
2023/01/01 00:00:00;2023/12/31 23:59:59;GWAD'AIR;FR01ZRE01;ZR GUADELOUPE;FR37038;SXM Marigot;Urbaine;PM2.5;Fond;Oui;estimation objective;Moy. annuelle;7.0;7.378816273277196;µg/m3;97.0;100.0;96.0;R;1;18.070114;-63.081481
2023/01/01 00:00:00;2023/12/31 23:59:59;ATMO REUNION;FR04ZAR01;ZAR SAINT-DENIS;FR38008;Ecole JOINVILLE;Urbaine;PM2.5;Fond;Oui;mesures fixes;Moy. annuelle;5.0;4.6162451476296855;µg-m3;97.0;100.0;97.0;R;1;-20.884575;55.453906
2023/01/01 00:00:00;2023/12/31 23:59:59;ATMO REUNION;FR04ZAR02;ZAR VOLCAN;FR38011;Station Luther King;Urbaine;PM2.5;Fond;Oui;mesures fixes;Moy. annuelle;5.0;5.320932654478111;µg-m3;99.0;100.0;99.0;R;1;-21.334406;55.45906
2023/01/01 00:00:00;2023/12/31 23:59:59;ATMO REUNION;FR04ZAR02;ZAR VOLCAN;FR38017;Grand Coude;Rurale régionale;PM2.5;Fond;Oui;mesures fixes;Moy. annuelle;3.0;3.171660818713448;µg-m3;98.0;100.0;98.0;R;1;-21.29433;55.62793
2023/01/01 00:00:00;2023/12/31 23:59:59;ATMO REUNION;FR04ZAR01;ZAR SAINT-DENIS;FR38020;Plateau Caillou;Urbaine;PM2.5;Fond;Oui;mesures fixes;Moy. annuelle;4.0;3.896980215203034;µg-m3;99.0;100.0;99.0;R;1;-21.022112;55.266773
2023/01/01 00:00:00;2023/12/31 23:59:59;ATMO REUNION;FR04ZAR01;ZAR SAINT-DENIS;FR38022;Chaussée Royale;Urbaine;PM2.5;Trafic;Oui;mesures fixes;Moy. annuelle;4.0;4.457505518763794;µg-m3;94.0;22.0;21.0;N;-1;-20.998577;55.28062
2023/01/01 00:00:00;2023/12/31 23:59:59;ATMO REUNION;FR04ZAR02;ZAR VOLCAN;FR38023;BD BANKS;Urbaine;PM2.5;Trafic;Oui;mesures fixes;Moy. annuelle;5.0;5.029471166622356;µg-m3;43.0;100.0;43.0;N;-1;-21.331703;55.478949
2023/01/01 00:00:00;2023/12/31 23:59:59;ATMO REUNION;FR04ZRE01;ZR LA REUNION;FR38024;RDT SAINT-LEU;Rurale près des villes;PM2.5;Trafic;Oui;mesures fixes;Moy. annuelle;5.0;5.344101001306067;µg-m3;79.0;100.0;79.0;N;-1;-21.213212;55.302844
2023/01/01 00:00:00;2023/12/31 23:59:59;MADININAIR;FR02ZAR01;ZAR FORT-DE-FRANCE;FR39008;Ville de Schoelcher;Urbaine;PM2.5;Fond;Oui;mesures fixes;Moy. annuelle;8.0;8.259443815276192;µg-m3;91.0;100.0;91.0;R;1;14.616389;-61.100792
2023/01/01 00:00:00;2023/12/31 23:59:59;MADININAIR;FR02ZAR01;ZAR FORT-DE-FRANCE;FR39009;Lamentin;Urbaine;PM2.5;Fond;Oui;mesures fixes;Moy. annuelle;9.0;8.63353516534702;µg-m3;98.0;100.0;98.0;R;1;14.610653;-61.002586
2023/01/01 00:00:00;2023/12/31 23:59:59;MADININAIR;FR02ZRE01;ZR MARTINIQUE;FR39014;Sainte_Luce;Périurbaine;PM2.5;Fond;Oui;mesures fixes;Moy. annuelle;8.0;8.470345318618728;µg-m3;97.0;99.0;96.0;R;1;14.468869;-60.927417
2023/01/01 00:00:00;2023/12/31 23:59:59;MADININAIR;FR02ZAR01;ZAR FORT-DE-FRANCE;FR39015;Fort-de-France - Hôtel de ville;Urbaine;PM2.5;Fond;Oui;mesures fixes;Moy. annuelle;10.0;9.521070931849824;µg-m3;69.0;95.0;66.0;N;-1;14.607444;-61.069778
2023/01/01 00:00:00;2023/12/31 23:59:59;MADININAIR;FR02ZAR01;ZAR FORT-DE-FRANCE;FR39016;Robert Bourg;Urbaine;PM2.5;Fond;Oui;mesures fixes;Moy. annuelle;8.0;8.233818888079629;µg-m3;95.0;99.0;94.0;R;1;14.678025;-60.939056
2023/01/01 00:00:00;2023/12/31 23:59:59;ATMO GUYANE;FR03ZRE01;ZR GUYANE;FR40006;Kourou Gaston Monnerville Brady;Urbaine;PM2.5;Fond;Oui;mesures indicatives;Moy. annuelle;8.0;7.899846824555206;µg-m3;;;;R;1;5.164248;-52.64649
2023/01/01 00:00:00;2023/12/31 23:59:59;ATMO GUYANE;FR03ZAR01;ZAR ILE-DE-CAYENNE;FR40008;Caiena3;Urbaine;PM2.5;Fond;Oui;mesures indicatives;Moy. annuelle;8.0;8.372510288065849;µg-m3;;;;R;1;4.9378467;-52.32093
2023/01/01 00:00:00;2023/12/31 23:59:59;QUALITAIR CORSE;FR94ZAR01;ZAR AJACCIO;FR41001;AJACCIO CANETTO;Urbaine;PM2.5;Fond;Oui;mesures fixes;Moy. annuelle;9.0;9.307438400743873;µg-m3;98.0;100.0;98.0;R;1;41.924694;8.735694
2023/01/01 00:00:00;2023/12/31 23:59:59;QUALITAIR CORSE;FR94ZAR02;ZAR BASTIA;FR41002;BASTIA GIRAUD;Urbaine;PM2.5;Fond;Oui;mesures fixes;Moy. annuelle;7.0;7.393514765489287;µg-m3;99.0;100.0;99.0;R;1;42.697917;9.446417
2023/01/01 00:00:00;2023/12/31 23:59:59;QUALITAIR CORSE;FR94ZAR02;ZAR BASTIA;FR41017;BASTIA MONTESORO;Périurbaine;PM2.5;Fond;Oui;mesures fixes;Moy. annuelle;7.0;7.38929188255614;µg-m3;93.0;99.0;93.0;R;1;42.671333;9.434639
2023/01/01 00:00:00;2023/12/31 23:59:59;QUALITAIR CORSE;FR94ZRE01;ZR CORSE;FR41024;VENACO;Rurale régionale;PM2.5;Fond;Oui;mesures fixes;Moy. annuelle;6.0;6.0343529125030475;µg-m3;95.0;99.0;94.0;R;1;42.236028;9.190028
2023/01/01 00:00:00;2023/12/31 23:59:59;ATMO GRAND EST;FR44ZAG01;ZAG STRASBOURG;FR42010;Strasbourg Neudorf Ecoquartier Danube;Urbaine;PM2.5;Fond;Oui;mesures fixes;Moy. annuelle;9.0;9.093160133348663;µg-m3;99.0;100.0;99.0;R;1;48.572808;7.767833
2023/01/01 00:00:00;2023/12/31 23:59:59;ATMO GRAND EST;FR44ZRE01;ZR GRAND-EST;FR42011;Haguenau-Place marché aux bestiaux;Urbaine;PM2.5;Fond;Oui;mesures fixes;Moy. annuelle;8.0;7.560669745958445;µg-m3;99.0;100.0;99.0;R;1;48.818352;7.786409
2023/01/01 00:00:00;2023/12/31 23:59:59;HAWA MAYOTTE;FR06ZRE01;ZR MAYOTTE;FR43002;Convalescence;Urbaine;PM2.5;Fond;Oui;mesures fixes;Moy. annuelle;8.0;8.221460432843223;µg-m3;88.0;78.0;69.0;N;-1;-12.778186;45.220235
2023/01/01 00:00:00;2023/12/31 23:59:59;HAWA MAYOTTE;FR06ZRE01;ZR MAYOTTE;FR43099;Kawéni Nord;Périurbaine;PM2.5;Trafic;Oui;mesures fixes;Moy. annuelle;15.0;15.040867520250792;µg-m3;90.0;98.0;87.0;R;1;-12.761174;45.226197
2023/01/01 00:00:00;2023/12/31 23:59:59;ATMO OCCITANIE;FR76ZRE01;ZR OCCITANIE;FR50060;Montauban;Urbaine;PM2.5;Fond;Oui;mesures fixes;Moy. annuelle;10.0;9.51099001950221;µg/m3;100.0;100.0;100.0;R;1;44.01285657;1.37530522
2023/01/01 00:00:00;2023/12/31 23:59:59;ATMO OCCITANIE;FR76ZAG02;ZAG MONTPELLIER;FR50225;Montpellier Liberté;Urbaine;PM2.5;Trafic;Oui;mesures fixes;Moy. annuelle;15.0;15.296774193548382;µg-m3;24.0;99.0;24.0;N;-1;43.611606;3.827868
2023/01/01 00:00:00;2023/12/31 23:59:59;ATMO BOURGOGNE-FRANCHE-COMTE;FR27ZAR03;ZAR BESANCON;FR82006;Besançon Prévoyance;Urbaine;PM2.5;Fond;Oui;mesures fixes;Moy. annuelle;7.0;6.836864307475969;µg-m3;98.0;100.0;97.0;R;1;47.2474;6.015419
2023/01/01 00:00:00;2023/12/31 23:59:59;ATMO BOURGOGNE-FRANCHE-COMTE;FR27ZAR01;ZAR BELFORT-MONTBELIARD;FR82010;Montbéliard centre;Urbaine;PM2.5;Fond;Oui;mesures fixes;Moy. annuelle;8.0;7.664387096774159;µg-m3;97.0;100.0;97.0;R;1;47.510307;6.794
2023/01/01 00:00:00;2023/12/31 23:59:59;ATMO BOURGOGNE-FRANCHE-COMTE;FR27ZRE01;ZR BOURGOGNE-FRANCHE-COMTE;FR82040;Dole centre;Urbaine;PM2.5;Fond;Oui;mesures fixes;Moy. annuelle;7.0;6.5597073170732;µg-m3;92.0;76.0;70.0;N;-1;47.09672;5.496389
2023/01/01 00:00:00;2023/12/31 23:59:59;ATMO BOURGOGNE-FRANCHE-COMTE;FR27ZRE01;ZR BOURGOGNE-FRANCHE-COMTE;FR82050;Lons-le-Saunier CV;Urbaine;PM2.5;Fond;Oui;mesures fixes;Moy. annuelle;6.0;6.380116279069771;µg-m3;98.0;100.0;98.0;R;1;46.671321;5.55662
2023/01/01 00:00:00;2023/12/31 23:59:59;ATMO BOURGOGNE-FRANCHE-COMTE;FR27ZRE01;ZR BOURGOGNE-FRANCHE-COMTE;FR82060;Vesoul Pres Caillet;Urbaine;PM2.5;Fond;Oui;mesures fixes;Moy. annuelle;7.0;7.348551690704145;µg-m3;98.0;96.0;94.0;R;1;47.620022;6.157642
2023/01/01 00:00:00;2023/12/31 23:59:59;ATMO BOURGOGNE-FRANCHE-COMTE;FR27ZRE01;ZR BOURGOGNE-FRANCHE-COMTE;FR82070;Baume-les-Dames;Urbaine;PM2.5;Trafic;Oui;mesures fixes;Moy. annuelle;7.0;6.577414457549918;µg-m3;98.0;100.0;98.0;R;1;47.351288;6.359722
